{"songName":"","bfName":"BoyfriendDotXML","enemyName":"GF","stage":"Stage","songObject":{"instanceID":0},"bpm":200.0,"arrowSpeed":20.0,"gridJSONS":["{\"columnJsonFileInfos\":[\"{\\\"keys\\\":[5.849999904632568,6.21999979019165,7.349999904632568,15.149999618530274,15.600000381469727,16.200000762939454,16.799999237060548,17.399999618530275,17.700000762939454,17.920000076293947,18.75,19.200000762939454],\\\"arrowObjectPaths\\\":[\\\"Arrows/NormalArrow\\\",\\\"Arrows/NormalArrow\\\",\\\"Arrows/NormalArrow\\\",\\\"Arrows/NormalArrow\\\",\\\"Arrows/NormalArrow\\\",\\\"Arrows/NormalArrow\\\",\\\"Arrows/NormalArrow\\\",\\\"Arrows/NormalArrow\\\",\\\"Arrows/NormalArrow\\\",\\\"Arrows/NormalArrow\\\",\\\"Arrows/NormalArrow\\\",\\\"Arrows/NormalArrow\\\"],\\\"direction\\\":0}\",\"{\\\"keys\\\":[6.75,7.050000190734863,14.550000190734864,15.449999809265137,16.649999618530275,17.25,18.149999618530275],\\\"arrowObjectPaths\\\":[\\\"Arrows/NormalArrow\\\",\\\"Arrows/NormalArrow\\\",\\\"Arrows/NormalArrow\\\",\\\"Arrows/NormalArrow\\\",\\\"Arrows/NormalArrow\\\",\\\"Arrows/NormalArrow\\\",\\\"Arrows/NormalArrow\\\"],\\\"direction\\\":1}\",\"{\\\"keys\\\":[6.0,14.850000381469727,15.75,16.049999237060548,16.350000381469728,16.950000762939454,18.0,18.450000762939454,18.899999618530275],\\\"arrowObjectPaths\\\":[\\\"Arrows/NormalArrow\\\",\\\"Arrows/NormalArrow\\\",\\\"Arrows/NormalArrow\\\",\\\"Arrows/NormalArrow\\\",\\\"Arrows/NormalArrow\\\",\\\"Arrows/NormalArrow\\\",\\\"Arrows/NormalArrow\\\",\\\"Arrows/NormalArrow\\\",\\\"Arrows/NormalArrow\\\"],\\\"direction\\\":2}\",\"{\\\"keys\\\":[6.150000095367432,6.449999809265137,7.199999809265137,15.300000190734864,15.520000457763672,16.5,17.850000381469728,18.079999923706056,19.049999237060548],\\\"arrowObjectPaths\\\":[\\\"Arrows/NormalArrow\\\",\\\"Arrows/NormalArrow\\\",\\\"Arrows/NormalArrow\\\",\\\"Arrows/NormalArrow\\\",\\\"Arrows/NormalArrow\\\",\\\"Arrows/NormalArrow\\\",\\\"Arrows/NormalArrow\\\",\\\"Arrows/NormalArrow\\\",\\\"Arrows/NormalArrow\\\"],\\\"direction\\\":3}\"],\"columns\":0,\"keysName\":\"player\"}","{\"columnJsonFileInfos\":[\"{\\\"keys\\\":[4.349999904632568,3.75,4.800000190734863,10.649999618530274,10.350000381469727,10.949999809265137,11.550000190734864,11.399999618530274,12.149999618530274,13.199999809265137,13.649999618530274],\\\"arrowObjectPaths\\\":[\\\"Arrows/NormalArrow\\\",\\\"Arrows/NormalArrow\\\",\\\"Arrows/NormalArrow\\\",\\\"Arrows/NormalArrow\\\",\\\"Arrows/NormalArrow\\\",\\\"Arrows/NormalArrow\\\",\\\"Arrows/NormalArrow\\\",\\\"Arrows/NormalArrow\\\",\\\"Arrows/NormalArrow\\\",\\\"Arrows/NormalArrow\\\",\\\"Arrows/NormalArrow\\\"],\\\"direction\\\":0}\",\"{\\\"keys\\\":[3.450000047683716,3.819999933242798,9.75,10.800000190734864,11.850000381469727,12.600000381469727,13.119999885559082,14.25],\\\"arrowObjectPaths\\\":[\\\"Arrows/NormalArrow\\\",\\\"Arrows/NormalArrow\\\",\\\"Arrows/NormalArrow\\\",\\\"Arrows/NormalArrow\\\",\\\"Arrows/NormalArrow\\\",\\\"Arrows/NormalArrow\\\",\\\"Arrows/NormalArrow\\\",\\\"Arrows/NormalArrow\\\"],\\\"direction\\\":1}\",\"{\\\"keys\\\":[4.650000095367432,10.050000190734864,10.720000267028809,11.699999809265137,12.449999809265137,12.899999618530274,13.350000381469727,13.949999809265137],\\\"arrowObjectPaths\\\":[\\\"Arrows/NormalArrow\\\",\\\"Arrows/NormalArrow\\\",\\\"Arrows/NormalArrow\\\",\\\"Arrows/NormalArrow\\\",\\\"Arrows/NormalArrow\\\",\\\"Arrows/NormalArrow\\\",\\\"Arrows/NormalArrow\\\",\\\"Arrows/NormalArrow\\\"],\\\"direction\\\":2}\",\"{\\\"keys\\\":[3.5999999046325685,4.050000190734863,4.949999809265137,10.5,11.25,12.0,13.050000190734864,13.279999732971192,14.100000381469727],\\\"arrowObjectPaths\\\":[\\\"Arrows/NormalArrow\\\",\\\"Arrows/NormalArrow\\\",\\\"Arrows/NormalArrow\\\",\\\"Arrows/NormalArrow\\\",\\\"Arrows/NormalArrow\\\",\\\"Arrows/NormalArrow\\\",\\\"Arrows/NormalArrow\\\",\\\"Arrows/NormalArrow\\\",\\\"Arrows/NormalArrow\\\"],\\\"direction\\\":3}\"],\"columns\":0,\"keysName\":\"enemy\"}"]}