{"songName":"","bfName":"BoyfriendDotXML","enemyName":"GF","stage":"Stage","songObject":{"instanceID":0},"bpm":100.0,"arrowSpeed":10.0,"gridJSONS":["{\"columnJsonFileInfos\":[\"{\\\"keys\\\":[16.799999237060548,14.399999618530274,33.599998474121097,54.0,57.0],\\\"arrowObjectPaths\\\":[\\\"Arrows/NormalArrow\\\",\\\"Arrows/NormalArrow\\\",\\\"Arrows/NormalArrow\\\",\\\"Arrows/NormalArrow\\\",\\\"Arrows/NormalArrow\\\"],\\\"direction\\\":0}\",\"{\\\"keys\\\":[25.200000762939454,27.600000381469728,36.0,43.20000076293945,43.79999923706055,46.20000076293945,45.599998474121097,50.400001525878909,52.79999923706055,55.79999923706055],\\\"arrowObjectPaths\\\":[\\\"Arrows/NormalArrow\\\",\\\"Arrows/NormalArrow\\\",\\\"Arrows/NormalArrow\\\",\\\"Arrows/NormalArrow\\\",\\\"Arrows/NormalArrow\\\",\\\"Arrows/NormalArrow\\\",\\\"Arrows/NormalArrow\\\",\\\"Arrows/NormalArrow\\\",\\\"Arrows/NormalArrow\\\",\\\"Arrows/NormalArrow\\\"],\\\"direction\\\":1}\",\"{\\\"keys\\\":[24.0,26.399999618530275,34.79999923706055,44.400001525878909,50.70000076293945,51.29999923706055,53.400001525878909,55.20000076293945,57.599998474121097],\\\"arrowObjectPaths\\\":[\\\"Arrows/NormalArrow\\\",\\\"Arrows/NormalArrow\\\",\\\"Arrows/NormalArrow\\\",\\\"Arrows/NormalArrow\\\",\\\"Arrows/NormalArrow\\\",\\\"Arrows/NormalArrow\\\",\\\"Arrows/NormalArrow\\\",\\\"Arrows/NormalArrow\\\",\\\"Arrows/NormalArrow\\\"],\\\"direction\\\":2}\",\"{\\\"keys\\\":[37.20000076293945,15.600000381469727,46.79999923706055,51.0,52.20000076293945,54.599998474121097,56.400001525878909,18.0],\\\"arrowObjectPaths\\\":[\\\"Arrows/NormalArrow\\\",\\\"Arrows/NormalArrow\\\",\\\"Arrows/NormalArrow\\\",\\\"Arrows/NormalArrow\\\",\\\"Arrows/NormalArrow\\\",\\\"Arrows/NormalArrow\\\",\\\"Arrows/NormalArrow\\\",\\\"Arrows/NormalArrow\\\"],\\\"direction\\\":3}\"],\"columns\":0,\"keysName\":\"player\"}","{\"columnJsonFileInfos\":[\"{\\\"keys\\\":[18.75,9.600000381469727,12.0,28.799999237060548],\\\"arrowObjectPaths\\\":[\\\"Arrows/NormalArrow\\\",\\\"Arrows/NormalArrow\\\",\\\"Arrows/NormalArrow\\\",\\\"Arrows/NormalArrow\\\"],\\\"direction\\\":0}\",\"{\\\"keys\\\":[20.399999618530275,18.600000381469728,22.799999237060548,27.75,28.200000762939454,31.200000762939454,38.400001525878909,39.0,40.79999923706055,41.400001525878909,48.0],\\\"arrowObjectPaths\\\":[\\\"Arrows/NormalArrow\\\",\\\"Arrows/NormalArrow\\\",\\\"Arrows/NormalArrow\\\",\\\"Arrows/NormalArrow\\\",\\\"Arrows/NormalArrow\\\",\\\"Arrows/NormalArrow\\\",\\\"Arrows/NormalArrow\\\",\\\"Arrows/NormalArrow\\\",\\\"Arrows/NormalArrow\\\",\\\"Arrows/NormalArrow\\\",\\\"Arrows/NormalArrow\\\"],\\\"direction\\\":1}\",\"{\\\"keys\\\":[18.149999618530275,21.600000381469728,19.200000762939454,28.049999237060548,28.5,30.0,39.599998474121097,48.29999923706055,48.900001525878909],\\\"arrowObjectPaths\\\":[\\\"Arrows/NormalArrow\\\",\\\"Arrows/NormalArrow\\\",\\\"Arrows/NormalArrow\\\",\\\"Arrows/NormalArrow\\\",\\\"Arrows/NormalArrow\\\",\\\"Arrows/NormalArrow\\\",\\\"Arrows/NormalArrow\\\",\\\"Arrows/NormalArrow\\\",\\\"Arrows/NormalArrow\\\"],\\\"direction\\\":2}\",\"{\\\"keys\\\":[10.800000190734864,13.199999809265137,18.450000762939454,18.899999618530275,28.350000381469728,32.400001525878909,42.0,48.599998474121097,49.79999923706055],\\\"arrowObjectPaths\\\":[\\\"Arrows/NormalArrow\\\",\\\"Arrows/NormalArrow\\\",\\\"Arrows/NormalArrow\\\",\\\"Arrows/NormalArrow\\\",\\\"Arrows/NormalArrow\\\",\\\"Arrows/NormalArrow\\\",\\\"Arrows/NormalArrow\\\",\\\"Arrows/NormalArrow\\\",\\\"Arrows/NormalArrow\\\"],\\\"direction\\\":3}\"],\"columns\":0,\"keysName\":\"enemy\"}"]}